Edition #,Location,Title,Order,Ship,BO,List,Disc,Net,Extension
EH1020,,Love's Pure Light (Silent Night)­SATB,25,25,,3.25,40%,1.95,48.75
WJMS1226,A­K7­5,Begin Again,20,20,,3.4,50%,1.7,34.0
SBMP331,B­H4­6/E4­8,It Takes a Village­SATB,25,25,,2.6,50%,1.3,32.5
40/1073H,E­LA5­3,Piano Discoveries Theory Bk 1B­Level 1B,1,1,,14.95,50%,7.48,7.48
PP335,E­LE3­6,Logical Approach to Rhythmic Notation V1,5,5,,22.95,50%,11.48,57.4
10/5897L,F­M1F23­4,"Lead Me, Savior ­ SATB",4,4,,2.75,50%,1.38,5.52
10/5926L,F­M1F28­6,Give Thanks ­ SATB,4,4,,2.95,50%,1.48,5.92
15/3774H,F­M1J20­4,We Three (Swingin') Kings­TTB,8,8,,3.2,50%,1.6,12.8
30/2263L,F­M1J25­3,Praise...With Stringed Instruments­VLN s,5,5,,32.95,50%,16.48,82.4
